Title,GivenName,Surname,MiddleInitial,StreetAddress,City,State,StateFull,ZipCode,Country,CountryFull,Username,TelephoneNumber,TelephoneCountryCode,Occupation,Department
Mr.,Daniel,Pellegrino,L,4095 Cimmaron Road,Irvine,CA,California,92614,US,United States,DaPellegrino,714-588-9739,1,Associate,Accounting
Ms.,Patricia,Olmstead,R,843 Reppert Coal Road,Westland,MI,Michigan,48185,US,United States,PaOlmstead,586-883-1008,1,Associate,Accounting
Mrs.,June,Long,R,2346 Sundown Lane,Austin,TX,Texas,78736,US,United States,JuLong,512-301-9440,1,Associate,Accounting
Dr.,Janet,Aguilar,M,3019 Pursglove Court,Bellefontaine,OH,Ohio,43311,US,United States,JaAguilar,937-292-6604,1,Associate,Accounting
Mr.,John,Cooley,D,2238 Despard Street,Atlanta,GA,Georgia,30303,US,United States,JoCooley,404-736-1701,1,Associate,Accounting
Mrs.,Elaine,Green,F,4184 Olen Thomas Drive,Wichita Falls,TX,Texas,76301,US,United States,ElGreen,940-730-5160,1,Associate,Accounting
Mr.,John,McGlothlin,C,3011 Red Dog Road,Charlotte,NC,North Carolina,28208,US,United States,JoMcGlothlin,704-368-0064,1,Associate,Accounting
Ms.,Helen,Fuhrman,B,552 Fidler Drive,San Antonio,TX,Texas,78212,US,United States,HeFuhrman,210-710-2452,1,Associate,Accounting
Mr.,Floyd,Marshall,A,2232 Wood Duck Drive,Marquette,MI,Michigan,49855,US,United States,FlMarshall,906-382-9992,1,Associate,Accounting
Mr.,Phillip,Kane,L,4439 Single Street,Woburn,MA,Massachusetts,1801,US,United States,PhKane,781-571-4702,1,Associate,Accounting
Mr.,James,Freund,N,1343 Burning Memory Lane,Morrisville,PA,Pennsylvania,19067,US,United States,JaFreund,215-337-7889,1,Associate,Accounting
Mr.,Claude,Patt,P,2119 Broadcast Drive,Chantilly,VA,Virginia,22021,US,United States,ClPatt,703-969-4521,1,Associate,Accounting
Dr.,Alan,Hauck,P,2402 Agriculture Lane,Fairmont,WV,West Virginia,26554,US,United States,AlHauck,304-987-2295,1,Associate,Accounting
Mrs.,Lisa,Wilbur,C,2953 Meadow Lane,Kelseyville,CA,California,95451,US,United States,LiWilbur,707-279-0307,1,Associate,Accounting
Mrs.,Kristin,Beeler,J,3998 West Virginia Avenue,Tribes Hill,NY,New York,12177,US,United States,KrBeeler,518-829-6658,1,Associate,Accounting
Ms.,Joann,Moore,J,1751 Rardin Drive,Mountain View,CA,California,94041,US,United States,JoMoore,650-694-3156,1,Associate,Accounting
Ms.,Charlene,Terranova,R,1207 Marion Drive,Tampa,FL,Florida,33614,US,United States,ChTerranova,813-391-1781,1,Associate,Accounting
Mr.,Steve,Martel,L,2607 Stoney Lane,Carrollton,TX,Texas,75007,US,United States,StMartel,972-939-4362,1,Associate,Accounting
Ms.,Faye,Ayres,D,4352 Cherry Tree Drive,Jacksonville,FL,Florida,32207,US,United States,FaAyres,904-306-5992,1,Associate,Accounting
Ms.,Shannon,Jeffers,Y,2432 Camel Back Road,Tulsa,OK,Oklahoma,74120,US,United States,ShJeffers,918-560-1114,1,Associate,Accounting
Ms.,Erica,Whitmore,J,3729 Biddie Lane,Richmond,VA,Virginia,23223,US,United States,ErWhitmore,804-519-5178,1,Associate,Accounting
Ms.,Joanne,Ingham,W,2634 Leverton Cove Road,Springfield,MA,Massachusetts,1109,US,United States,JoIngham,413-420-3587,1,Associate,Finance
Mrs.,Shirley,Whittington,J,3841 West Drive,Chicago,IL,Illinois,60606,US,United States,ShWhittington,312-442-9894,1,Associate,Finance
Mr.,Stanley,Pond,M,3664 Nutters Barn Lane,Urbandale,IA,Iowa,50322,US,United States,StPond,515-867-2169,1,Associate,Finance
Ms.,Vickie,Whitlock,R,611 Jefferson Street,Norfolk,VA,Virginia,23510,US,United States,ViWhitlock,757-666-7839,1,Associate,Finance
Mr.,James,Sweat,S,2291 Sand Fork Road,Wakarusa,IN,Indiana,46573,US,United States,JaSweat,574-862-5161,1,Associate,Finance
Mrs.,Shannon,Scott,R,3367 Raintree Boulevard,Indianapolis,IN,Indiana,46225,US,United States,ShScott,765-233-6615,1,Associate,Finance
Mr.,Steven,Fischer,R,4175 Diamond Street,Charlotte,NC,North Carolina,28208,US,United States,StFischer,828-445-3838,1,Associate,Finance
Ms.,Lisa,Burton,W,748 Norman Street,Los Angeles,CA,California,90031,US,United States,LiBurton,323-342-5346,1,Associate,Finance
Ms.,Mary,Lykes,L,2202 Lake Road,Camden,NJ,New Jersey,8102,US,United States,MaLykes,609-336-7156,1,Associate,Finance
Mr.,Robert,Hunt,L,3504 Sugarfoot Lane,Richmond,IN,Indiana,47374,US,United States,RoHunt,765-439-8796,1,Associate,Finance
Mr.,John,Meyer,A,3391 Duke Lane,Lyndhurst,NJ,New Jersey,7071,US,United States,JoMeyer,732-724-4715,1,Associate,Finance
Mrs.,Stephanie,Shorter,B,3522 Pritchard Court,Hanska,MN,Minnesota,56041,US,United States,StShorter,507-439-1432,1,Associate,Finance
Dr.,Alfred,Davis,E,4722 Diamond Cove,Providence,RI,Rhode Island,2904,US,United States,AlDavis,401-368-5407,1,Associate,Finance
Mr.,Jerry,Davis,D,3898 Nixon Avenue,Maumee,OH,Ohio,43537,US,United States,JeDavis,419-967-9637,1,Associate,Finance
Mr.,Andrew,Buswell,D,4289 Sigley Road,Salina,KS,Kansas,67401,US,United States,AnBuswell,785-630-0848,1,Associate,Finance
Mrs.,Olivia,Boyd,D,3219 Park Street,San Francisco,CA,California,94104,US,United States,OlBoyd,925-398-6350,1,Associate,Finance
Ms.,Belen,Mason,R,2328 Lords Way,Bradford,TN,Tennessee,38316,US,United States,BeMason,731-742-7669,1,Associate,Finance
Ms.,Melissa,Goff,J,3535 Goodwin Avenue,Millwood,WA,Washington,99212,US,United States,MeGoff,509-430-1945,1,Associate,Finance
Mr.,James,Taylor,M,3366 Single Street,Cambridge,MA,Massachusetts,2141,US,United States,JaTaylor,781-565-2662,1,Associate,Finance
Mr.,Nicholas,Hastings,C,3403 Laurel Lane,Midland,TX,Texas,79701,US,United States,NiHastings,432-349-2962,1,Associate,Finance
Mr.,Charlie,Lee,B,3404 Parkview Drive,Los Angeles,CA,California,90017,US,United States,ChLee,714-202-3454,1,Associate,Finance
Ms.,Elvira,Gunther,C,523 Flynn Street,Willoughby,OH,Ohio,44094,US,United States,ElGunther,440-951-1923,1,Associate,Finance
Ms.,Mandy,McArthur,F,693 Robinson Lane,Westerville,OH,Ohio,43081,US,United States,MaMcArthur,740-400-7084,1,Associate,Finance
Mr.,Fred,Breeden,I,3536 Big Indian,New Orleans,LA,Louisiana,70112,US,United States,FrBreeden,504-658-4003,1,Associate,Finance
Mrs.,Patricia,Ortega,J,2725 Jones Street,Farmers Branch,TX,Texas,75244,US,United States,PaOrtega,817-538-8508,1,Associate,Finance
Mr.,Glen,Edwards,J,3765 Prudence Street,Maryland Heights,MI,Michigan,63043,US,United States,GlEdwards,313-280-8223,1,Associate,Finance
Mr.,Frank,Shaffer,L,4352 Virgil Street,Tallahassee,FL,Florida,32301,US,United States,FrShaffer,850-273-3008,1,Associate,Finance
Ms.,Nadine,Willis,W,2036 Cardinal Lane,Paris,IL,Illinois,61944,US,United States,NaWillis,217-264-6754,1,Associate,Finance
Ms.,Monica,Trainor,R,3963 Spinnaker Lane,Dekalb,IL,Illinois,60115,US,United States,MoTrainor,815-766-7362,1,Associate,Information Technology
Ms.,Mary,Miller,H,2879 Tipple Road,Philadelphia,PA,Pennsylvania,19146,US,United States,MaMiller,215-772-2003,1,Associate,Information Technology
Mr.,Clyde,Bennett,H,3881 Clinton Street,Little Rock,AR,Arkansas,72211,US,United States,ClBennett,501-244-2412,1,Associate,Information Technology
Ms.,Annie,Joe,P,2915 Par Drive,Santa Barbara,CA,California,93105,US,United States,AnJoe,805-898-9432,1,Associate,Information Technology
Mrs.,Cynthia,Weeks,K,1662 Travis Street,Port St Lucie,FL,Florida,33452,US,United States,CyWeeks,772-871-9012,1,Associate,Information Technology
Mrs.,Hilda,Burt,D,3304 Ashwood Drive,Holstein,IA,Iowa,51025,US,United States,HiBurt,712-368-7567,1,Associate,Information Technology
Mrs.,Mildred,Grado,J,1966 George Avenue,Orange Beach,AL,Alabama,36561,US,United States,MiGrado,251-214-8568,1,Associate,Information Technology
Ms.,Christine,Rodriguez,A,3554 Roosevelt Road,Hesston,KS,Kansas,67062,US,United States,ChRodriguez,620-327-1266,1,Associate,Information Technology
Mr.,Raymond,Garcia,J,1344 Buck Drive,Kearns,UT,Utah,84118,US,United States,RaGarcia,801-966-3412,1,Associate,Information Technology
Mr.,Steven,Scalf,A,2096 Rhapsody Street,Ocala,FL,Florida,34471,US,United States,StScalf,352-403-3759,1,Associate,Information Technology
Mr.,Bruce,Thompson,V,2566 Beech Street,Oakland,CA,California,94612,US,United States,BrThompson,925-818-3315,1,Associate,Information Technology
Mr.,Jesus,Seal,M,934 Maple Lane,Birmingham,AL,Alabama,35209,US,United States,JeSeal,256-458-6371,1,Associate,Information Technology
Ms.,Maria,Keene,E,29 Ersel Street,Dallas,TX,Texas,75212,US,United States,MaKeene,214-364-7559,1,Associate,Information Technology
Dr.,Kelly,Horner,C,2769 Oxford Court,Winona,MS,Mississippi,38967,US,United States,KeHorner,662-283-5425,1,Associate,Information Technology
Mr.,Joseph,Erdman,B,2170 Hillcrest Circle,Wayzata,MN,Minnesota,55391,US,United States,JoErdman,763-449-6309,1,Associate,Information Technology
Ms.,Michelle,Dykema,S,1998 Sunny Day Drive,Santa Ana,CA,California,92705,US,United States,MiDykema,714-867-1325,1,Associate,Information Technology
Mr.,Zack,Yorke,C,2140 Cabell Avenue,Arlington,VA,Virginia,22206,US,United States,ZaYorke,703-578-8947,1,Associate,Information Technology
Mrs.,Julianne,Hug,M,761 Ferry Street,Huntsville,AL,Alabama,35816,US,United States,JuHug,256-714-5417,1,Associate,Information Technology
Mrs.,Michelle,Ratcliff,G,2215 Eva Pearl Street,Baton Rouge,LA,Louisiana,70810,US,United States,MiRatcliff,225-765-2675,1,Associate,Information Technology
Ms.,Lessie,Justice,N,4786 Ward Road,El Paso,TX,Texas,79922,US,United States,LeJustice,915-479-2932,1,Associate,Information Technology
Mr.,Timothy,Ellis,E,2857 Sherman Street,Goodland,KS,Kansas,67735,US,United States,TiEllis,785-890-5246,1,Associate,Sales
Mrs.,Diane,Lynch,M,2445 Brooklyn Street,Stewartsville,VA,Virginia,24179,US,United States,DiLynch,540-947-0203,1,Associate,Sales
Mr.,Maurice,Hawkins,T,3141 Ralph Drive,Cleveland,OH,Ohio,44114,US,United States,MaHawkins,440-274-6867,1,Associate,Sales
Mr.,Donovan,Cardona,P,4644 Saint Clair Street,Jackson,MS,Mississippi,39201,US,United States,DoCardona,662-552-0111,1,Associate,Sales
Mr.,William,Parnell,M,3704 Newton Street,Odessa,MN,Minnesota,56276,US,United States,WiParnell,320-273-4358,1,Associate,Sales
Mrs.,Trinidad,Baumann,A,2038 Shingleton Road,Grand Rapids,MI,Michigan,49503,US,United States,TrBaumann,269-439-1759,1,Associate,Sales
Mr.,Robert,Felton,R,2953 Buck Drive,Salt Lake City,UT,Utah,84119,US,United States,RoFelton,801-973-9519,1,Associate,Sales
Mr.,Anthony,Stern,T,3655 Brannon Avenue,Jacksonville,FL,Florida,32256,US,United States,AnStern,904-815-7267,1,Associate,Sales
Mrs.,Marisa,Frederick,J,283 James Avenue,El Dorado,KS,Kansas,67042,US,United States,MaFrederick,316-320-7142,1,Associate,Sales
Mr.,Juan,Chapin,N,2626 Johnstown Road,Wheeling,IL,Illinois,60090,US,United States,JuChapin,847-459-8148,1,Associate,Sales
Mr.,Richard,Feld,A,2091 Deer Ridge Drive,Livingston,NJ,New Jersey,7039,US,United States,RiFeld,973-533-8142,1,Associate,Sales
Mrs.,Bethany,Francis,C,4217 Marshville Road,Poughkeepsie,NY,New York,12601,US,United States,BeFrancis,845-601-9681,1,Associate,Sales
Ms.,Cynthia,Hill,W,2711 Colony Street,Stamford,CT,Connecticut,6905,US,United States,CyHill,203-322-7005,1,Associate,Sales
Mr.,Joseph,Wilson,R,602 Roosevelt Road,Moundridge,KS,Kansas,67107,US,United States,JoWilson,620-212-2411,1,Associate,Sales
Mr.,Paul,Cane,M,1255 Brown Street,Phoenix,AZ,Arizona,85034,US,United States,PaCane,928-232-0637,1,Associate,Sales
Mr.,Louis,Finn,S,4469 Clearview Drive,Littleton,CO,Colorado,80120,US,United States,LoFinn,303-738-6647,1,Associate,Sales
Dr.,Jocelyn,Parker,L,3462 Boone Crockett Lane,Bremerton,WA,Washington,98337,US,United States,JoParker,360-478-9439,1,Associate,Sales
Dr.,Kathleen,Dixon,R,3203 Spring Street,Dallas City,IL,Illinois,62330,US,United States,KaDixon,217-852-4032,1,Associate,Sales
Mr.,Arnold,Nale,S,3164 Mandan Road,Saint Louis,MO,Missouri,63102,US,United States,ArNale,573-745-0451,1,Associate,Sales
Mrs.,Kelly,Toman,S,3236 Saint Clair Street,Jackson,MS,Mississippi,39213,US,United States,KeToman,662-549-6269,1,Associate,Sales
Mr.,Daniel,Dykes,F,475 Dancing Dove Lane,New York,NY,New York,10013,US,United States,DaDykes,347-612-0502,1,Associate,Sales
Mr.,Carl,Molinari,E,4581 Ashmor Drive,Wadena,MN,Minnesota,56482,US,United States,CaMolinari,218-261-3242,1,Associate,Marketing
Mrs.,Kathleen,Piper,T,4432 Walnut Hill Drive,Cincinnati,OH,Ohio,45249,US,United States,KaPiper,513-277-1849,1,Associate,Marketing
Mr.,Adrian,Godin,L,421 Tree Top Lane,King Of Prussia,PA,Pennsylvania,19406,US,United States,AdGodin,610-233-6851,1,Associate,Marketing
Mr.,Timothy,Jennings,B,2601 Bubby Drive,Austin,TX,Texas,78756,US,United States,TiJennings,512-377-3575,1,Associate,Marketing
Mr.,Patrick,Pooley,P,642 Crosswind Drive,Owensboro,KY,Kentucky,42301,US,United States,PaPooley,270-903-1333,1,Associate,Marketing
Mr.,Pedro,Belton,S,2059 Buckhannan Avenue,East Syracuse,NY,New York,13057,US,United States,PeBelton,315-430-5225,1,Associate,Marketing
Mrs.,Inge,Royal,N,821 Middleville Road,Ontario,CA,California,91761,US,United States,InRoyal,626-367-9921,1,Associate,Marketing
Mr.,Joseph,Keen,P,2993 Cabell Avenue,Richmond,VA,Virginia,23219,US,United States,JoKeen,703-555-8997,1,Associate,Marketing
Ms.,Maria,Madera,T,1820 Johnstown Road,Chicago,IL,Illinois,60607,US,United States,MaMadera,847-466-4966,1,Associate,Marketing
Mrs.,Deborah,Sorrels,G,2998 Valley Drive,Fort Washington,PA,Pennsylvania,19034,US,United States,DeSorrels,267-360-8060,1,Associate,Marketing
Mr.,Dean,Tripp,J,1746 Wilkinson Street,Nashville,TN,Tennessee,37216,US,United States,DeTripp,615-461-0535,1,Associate,Marketing
Mrs.,Carol,Simmons,R,2482 Daffodil Lane,Herndon,VA,Virginia,20170,US,United States,CaSimmons,703-471-9494,1,Associate,Marketing
Ms.,Danielle,Elliott,D,4669 Trouser Leg Road,Springfield,MA,Massachusetts,1103,US,United States,DaElliott,413-849-2566,1,Associate,Marketing
Ms.,Latanya,Perry,S,446 Valley View Drive,Cambridge,MA,Massachusetts,2141,US,United States,LaPerry,617-663-0744,1,Associate,Marketing
Mr.,Steven,Falgout,P,894 Timber Oak Drive,Mugu,CA,California,93033,US,United States,StFalgout,805-986-1103,1,Associate,Marketing
Mrs.,Tabitha,Blevins,J,4535 Granville Lane,Newark,NJ,New Jersey,7104,US,United States,TaBlevins,973-481-0160,1,Associate,Marketing
Mrs.,Karla,Ison,D,2811 Ritter Avenue,Roseville,MI,Michigan,48066,US,United States,KaIson,586-776-3938,1,Associate,Marketing
Mrs.,Earlene,Billups,B,1368 Buck Drive,Kearns,UT,Utah,84118,US,United States,EaBillups,801-965-8048,1,Associate,Marketing
Mr.,Brian,Murphy,M,3150 Colony Street,Stamford,CT,Connecticut,6905,US,United States,BrMurphy,203-253-0127,1,Associate,Marketing
Mr.,Clinton,Terry,L,3885 Reeves Street,Mill Center,WI,Wisconsin,54301,US,United States,ClTerry,920-865-6393,1,Associate,Marketing
Mr.,John,Nadler,C,3775 Columbia Road,Delmar,DE,Delaware,21875,US,United States,JoNadler,302-846-8324,1,Associate,Marketing
Mrs.,Dianne,Smith,W,1148 Wiseman Street,Knoxville,TN,Tennessee,37917,US,United States,DiSmith,865-374-9384,1,Associate,Marketing
Mrs.,Helen,Stewart,C,3088 Shinn Avenue,Pittsburgh,PA,Pennsylvania,15203,US,United States,HeStewart,724-560-0814,1,Associate,Marketing
Mrs.,Susan,Williams,S,771 Carriage Lane,Sunbury,PA,Pennsylvania,17801,US,United States,SuWilliams,570-286-8886,1,Associate,Marketing
Mrs.,Michelle,Hobby,K,1056 Red Dog Road,Charlotte,NC,North Carolina,28202,US,United States,MiHobby,704-350-1506,1,Associate,Human Resources
Mr.,Scott,Flores,A,2399 Seltice Way,Boise,ID,Idaho,83702,US,United States,ScFlores,208-761-7378,1,Associate,Human Resources
Mrs.,Yvette,Henderson,E,3894 Hamilton Drive,Windsor Mill,MD,Maryland,21244,US,United States,YvHenderson,410-218-9418,1,Associate,Human Resources
Mrs.,Melissa,Leahy,D,1206 Fire Access Road,Lewisville,NC,North Carolina,27023,US,United States,MeLeahy,336-946-6801,1,Associate,Human Resources
Mr.,Donnie,Baker,S,271 Wood Duck Drive,Marquette,MI,Michigan,49855,US,United States,DoBaker,906-303-7685,1,Associate,Human Resources
Mrs.,Guadalupe,Henley,S,3700 Collins Avenue,Westerville,OH,Ohio,43081,US,United States,GuHenley,614-776-0503,1,Associate,Human Resources
Ms.,Princess,Hurt,C,941 Heather Sees Way,Tulsa,OK,Oklahoma,74105,US,United States,PrHurt,918-742-3141,1,Associate,Human Resources
Ms.,Juanita,Spivey,D,2649 Cessna Drive,Silver Lake,IN,Indiana,46982,US,United States,JuSpivey,260-352-6416,1,Associate,Human Resources
Ms.,Jane,Carle,B,3683 Simpson Street,Peoria,IL,Illinois,61602,US,United States,JaCarle,309-767-3386,1,Associate,Human Resources
Ms.,Linda,Kirby,P,3029 Wilson Street,Crowley Lake,CA,California,93514,US,United States,LiKirby,760-935-1117,1,Associate,Human Resources
Mr.,Eric,Rowan,T,3163 Irving Road,Ironton,OH,Ohio,45638,US,United States,ErRowan,740-479-9839,1,Associate,Human Resources
Ms.,Kimberly,Stanley,C,3707 Mulberry Lane,Boynton Beach,FL,Florida,33435,US,United States,KiStanley,561-742-1296,1,Associate,Security
Mrs.,Heather,Miller,A,4635 Summit Street,Eitzen,IA,Iowa,55931,US,United States,HeMiller,563-497-4842,1,Associate,Security
Mrs.,Dorothy,McNamara,C,4645 Beeghley Street,Alexander City,AL,Alabama,35010,US,United States,DoMcNamara,256-215-3528,1,Associate,Security
Mr.,Joshua,McGee,V,2787 Wiseman Street,Knoxville,TN,Tennessee,37917,US,United States,JoMcGee,865-403-7076,1,Associate,Security
Mrs.,Kathleen,Thompson,T,1507 Woodhill Avenue,Baltimore,MD,Maryland,21201,US,United States,KaThompson,410-779-4773,1,Associate,Security
Ms.,Yolanda,Chapell,M,1032 Freed Drive,Stockton,CA,California,95202,US,United States,YoChapell,209-625-1057,1,Associate,Security
Ms.,Pamela,Worley,S,88 Wildrose Lane,Highland Park,MI,Michigan,48203,US,United States,PaWorley,313-869-7828,1,Associate,Security
Ms.,Vicenta,McPhail,B,3182 Rainy Day Drive,Boston,MA,Massachusetts,2110,US,United States,ViMcPhail,617-942-1359,1,Associate,Security
Mr.,Michael,Pettus,M,1097 Vesta Drive,Chicago,IL,Illinois,60605,US,United States,MiPettus,773-680-9701,1,Associate,Facilities
Mr.,John,Rowlands,K,444 James Avenue,Newton,KS,Kansas,67114,US,United States,JoRowlands,316-282-2941,1,Associate,Facilities
Mr.,Willie,Chatman,L,2891 Church Street,Bronx,NY,New York,10463,US,United States,WiChatman,718-432-9094,1,Associate,Facilities
Mr.,Walter,Whyte,S,2358 Trails End Road,West Palm Beach,FL,Florida,33401,US,United States,WaWhyte,954-332-9976,1,Associate,Facilities
Mr.,Thomas,Sepulveda,O,2506 Rollins Road,Arthur,NE,Nebraska,69121,US,United States,ThSepulveda,308-764-5153,1,Associate,Facilities
Mr.,Daniel,Goodson,L,1480 Carter Street,Macedonia,IL,Illinois,62860,US,United States,DaGoodson,618-728-2592,1,Associate,Facilities
Mr.,Christopher,Angelo,J,2410 Alexander Drive,Aubrey,TX,Texas,76227,US,United States,ChAngelo,940-365-3355,1,Associate,Facilities
Mr.,Glen,Kocher,E,1042 Corpening Drive,Troy,MI,Michigan,48084,US,United States,GlKocher,248-458-6012,1,Associate,Facilities
Dr.,Anna,Eickhoff,M,4060 Baker Avenue,Plano,TX,Texas,75074,US,United States,AnEickhoff,817-818-7115,1,Associate,Facilities
Mr.,Joseph,Clanton,D,4581 Kemper Lane,Salt Lake City,UT,Utah,84111,US,United States,JoClanton,801-813-0849,1,Associate,Facilities
Mr.,Marc,Roach,S,2181 Glory Road,Nashville,TN,Tennessee,37201,US,United States,MaRoach,931-899-0017,1,Associate,Facilities
Mr.,Anderson,Cahill,M,3098 McDonald Avenue,Maitland,FL,Florida,32751,US,United States,AnCahill,407-902-7390,1,Associate,Facilities
Mr.,Robert,Buckley,S,4418 Harter Street,Dayton,OH,Ohio,45402,US,United States,RoBuckley,937-637-8567,1,Associate,Facilities
Mrs.,Bonnie,Weber,H,4680 Walton Street,Provo,UT,Utah,84604,US,United States,BoWeber,801-369-3546,1,Associate,Facilities
Mrs.,Susan,Barbosa,H,4409 Walnut Hill Drive,Cincinnati,OH,Ohio,45202,US,United States,SuBarbosa,513-273-0300,1,Associate,Facilities
Mr.,John,Weaver,P,1741 Flint Street,Tumon,MP,,96911,US,United States,JoWeaver,670-898-7989,1,Associate,Facilities
Mr.,Ronnie,Lyons,D,2633 Fort Street,Swanquarter,NC,North Carolina,27885,US,United States,RoLyons,252-926-3040,1,Associate,Facilities
Mr.,Mark,Rainey,L,127 Tavern Place,Centennial,CO,Colorado,80112,US,United States,MaRainey,303-994-4352,1,Associate,Facilities
Mr.,James,Henderson,V,2850 Ralph Drive,Elyria,OH,Ohio,44035,US,United States,JaHenderson,440-284-5783,1,Associate,Facilities
Dr.,Mary,Clark,D,7 Wilson Street,Riverside,CA,California,92501,US,United States,MaClark,760-900-5215,1,Associate,Facilities
Ms.,Stacy,Rogers,J,2302 Filbert Street,Bethlehem,PA,Pennsylvania,18018,US,United States,StRogers,610-807-2653,1,Associate,Application Development
Mr.,Bruce,Boothe,A,2086 Charack Road,Terre Haute,IN,Indiana,47802,US,United States,BrBoothe,812-298-0390,1,Associate,Application Development
Mr.,Todd,Lopez,P,2844 Cameron Road,Buffalo,NY,New York,14202,US,United States,ToLopez,716-479-2115,1,Associate,Application Development
Mr.,Mitchell,Jones,V,3308 Ralph Drive,Warrensville Heights,OH,Ohio,44128,US,United States,MiJones,440-223-7303,1,Associate,Application Development
Ms.,Latoya,Caceres,S,2755 Late Avenue,Lawton,OK,Oklahoma,73501,US,United States,LaCaceres,580-756-8744,1,Associate,Application Development
Ms.,Karen,Bassett,H,3126 Jenna Lane,Urbandale,IA,Iowa,50322,US,United States,KaBassett,515-270-3582,1,Associate,Application Development
Ms.,Geraldine,Brown,B,3319 James Avenue,Syracuse,NY,New York,13202,US,United States,GeBrown,315-975-9478,1,Associate,Application Development
Mrs.,Noelle,Byers,L,2811 Lawman Avenue,Vienna,VA,Virginia,22181,US,United States,NoByers,703-255-2870,1,Associate,Application Development
Mr.,Jeff,Reynolds,D,481 Melrose Street,Ellensburg,WA,Washington,98926,US,United States,JeReynolds,509-964-3711,1,Associate,Application Development
Mr.,Logan,Edwards,S,145 Turnpike Drive,Ashland,AL,Alabama,36251,US,United States,LoEdwards,256-354-3719,1,Associate,Application Development
Mr.,Edwin,Tracy,M,1635 Hazelwood Avenue,West Des Moines,IA,Iowa,50266,US,United States,EdTracy,515-401-9202,1,Associate,Application Development
Ms.,Wilma,Miller,J,1041 Adams Avenue,Frederick,MD,Maryland,21701,US,United States,WiMiller,301-696-2208,1,Associate,Application Development
Mr.,Jessie,Stewart,S,4921 Junior Avenue,East Point,GA,Georgia,30344,US,United States,JeStewart,404-559-1492,1,Associate,Application Development
Mr.,David,Triplett,M,2484 Hill Street,Mansfield,OH,Ohio,44902,US,United States,DaTriplett,419-755-5093,1,Associate,Application Development
Ms.,Elsa,Wade,J,1758 Sardis Station,Minneapolis,MN,Minnesota,55402,US,United States,ElWade,612-375-3901,1,Associate,Application Development
Ms.,Nellie,Sequeira,P,2185 Mesa Drive,Las Vegas,NV,Nevada,89104,US,United States,NeSequeira,702-432-0378,1,Associate,Application Development
Mr.,Manuel,Kemp,C,3515 Essex Court,Essex Junction,VT,Vermont,5452,US,United States,MaKemp,802-370-1349,1,Associate,Application Development
Mrs.,Lessie,Edward,S,1024 Poplar Street,Oak Park,IL,Illinois,60300,US,United States,LeEdward,708-771-1508,1,Associate,Application Development
Mr.,Larry,Ward,B,1062 Court Street,Maryland Heights,MO,Missouri,63141,US,United States,LaWard,636-794-6974,1,Associate,Application Development
Ms.,Wanda,Johnson,J,4552 Lowes Alley,Columbus,OH,Ohio,43215,US,United States,WaJohnson,740-294-1335,1,Associate,Application Development
Mr.,Billy,Blaisdell,P,4776 Neville Street,Chandler,IN,Indiana,47610,US,United States,BiBlaisdell,812-639-4582,1,Associate,Application Development
Ms.,Virginia,Jackson,B,1143 Marietta Street,Santa Rosa,CA,California,95401,US,United States,ViJackson,707-575-9256,1,Associate,Application Development
Mr.,Michael,Manley,S,981 Dane Street,Spokane,WA,Washington,99201,US,United States,MiManley,509-214-7353,1,Associate,Application Development
Ms.,Betty,Conner,M,4833 Short Street,Austin,TX,Texas,78741,US,United States,BeConner,512-968-3116,1,Associate,Application Development
Mr.,Marcelino,Torres,S,4750 Pine Garden Lane,Atlanta,GA,Georgia,30303,US,United States,MaTorres,770-699-2819,1,Associate,Application Development
Mr.,James,Vines,K,4088 Virgil Street,Marianna,FL,Florida,32446,US,United States,JaVines,850-272-8126,1,Associate,Application Development
Mrs.,Allison,McCurdy,R,2367 Winding Way,Providence,RI,Rhode Island,2908,US,United States,AlMcCurdy,401-715-4218,1,Associate,Application Development
Ms.,Amanda,Miller,R,2018 Conference Center Way,Sugar Notch,PA,Pennsylvania,18706,US,United States,AmMiller,570-986-4667,1,Associate,Application Development
Ms.,Donna,Hirschman,E,2861 Chapel Street,Sugar Land,TX,Texas,77478,US,United States,DoHirschman,281-665-8731,1,Associate,Application Development
Mr.,William,Froehlich,D,4216 Red Maple Drive,Los Angeles,CA,California,90017,US,United States,WiFroehlich,323-390-1396,1,Associate,Application Development
Ms.,Barbara,Morton,A,4612 Stratford Court,Fayetteville,NC,North Carolina,28301,US,United States,BaMorton,919-704-2036,1,Associate,Application Development
Mrs.,Angelina,Matos,D,3035 West Drive,Chicago,IL,Illinois,60603,US,United States,AnMatos,312-484-6675,1,Associate,Application Development
Ms.,Rosa,Foster,N,3548 Terry Lane,Orlando,FL,Florida,32810,US,United States,RoFoster,321-277-8405,1,Associate,Application Development
Mr.,Gary,Shive,P,2750 Turkey Pen Road,New York,NY,New York,10011,US,United States,GaShive,917-289-7354,1,Associate,Application Development
Mr.,Glenn,Mendoza,I,2585 Rosewood Court,Conger,MN,Minnesota,56020,US,United States,GlMendoza,507-265-0197,1,Associate,Legal
Ms.,Connie,Utter,J,939 Hayhurst Lane,Detroit,MI,Michigan,48226,US,United States,CoUtter,248-835-9628,1,Associate,Legal
Mrs.,Debora,Riffle,R,714 Comfort Court,Madison,WI,Wisconsin,53704,US,United States,DeRiffle,608-322-4193,1,Associate,Legal
Mrs.,Mary,Johnson,E,173 Pinnickinnick Street,Parsippany,NJ,New Jersey,7054,US,United States,MaJohnson,732-781-6009,1,Associate,Legal
Ms.,Patricia,Frazier,J,2406 Southern Avenue,Des Moines,IA,Iowa,50309,US,United States,PaFrazier,641-351-6930,1,Associate,Legal
Mr.,Gary,Martin,J,2618 Arthur Avenue,Lockport,IL,Illinois,60441,US,United States,GaMartin,815-834-1933,1,Associate,Legal
Mr.,Curtis,Webster,B,3215 Brooke Street,Houston,TX,Texas,77087,US,United States,CuWebster,713-644-8111,1,Associate,Administrative
Mr.,Stephen,Hurt,M,3304 Ben Street,Southfield,MI,Michigan,48075,US,United States,StHurt,517-947-8733,1,Associate,Administrative
Mr.,Marshall,Ott,S,4071 Felosa Drive,San Angelo,TX,Texas,76903,US,United States,MaOtt,325-216-6043,1,Associate,Administrative
Mr.,Victor,Giardina,P,2050 Memory Lane,Kankakee,IL,Illinois,60901,US,United States,ViGiardina,815-928-5909,1,Associate,Administrative
Mrs.,Lynda,Lane,K,2614 Twin House Lane,Springfield,MO,Missouri,65804,US,United States,LyLane,417-391-8692,1,Associate,Administrative
Ms.,Irene,Garrett,J,3738 John Avenue,Lansing,MI,Michigan,48933,US,United States,IrGarrett,517-775-2084,1,Senior Associate,Finance
Mr.,Stephen,Swopes,N,2384 Park Boulevard,Thompson,IA,Iowa,50478,US,United States,StSwopes,641-584-7539,1,Senior Associate,Finance
Mr.,Robert,Thomas,E,809 Tecumsah Lane,Shreveport,LA,Louisiana,71101,US,United States,RoThomas,318-935-8472,1,Senior Associate,Finance
Mr.,Matthew,Marquez,G,3494 Bloomfield Way,Bridgton,ME,Maine,4009,US,United States,MaMarquez,207-647-2797,1,Senior Associate,Finance
Ms.,Karen,Kilpatrick,R,3842 Vineyard Drive,Cleveland,OH,Ohio,44115,US,United States,KaKilpatrick,440-414-5324,1,Senior Associate,Finance
Mr.,Randy,Adcock,A,733 Jett Lane,Burbank,CA,California,91505,US,United States,RaAdcock,310-666-8495,1,Senior Associate,Finance
Ms.,Christine,Ng,Z,1242 Mattson Street,Portland,OR,Oregon,97204,US,United States,ChNg,503-416-7104,1,Senior Associate,Finance
Ms.,Janie,Woods,C,4083 Pinchelone Street,Newport News,VA,Virginia,23601,US,United States,JaWoods,757-345-7439,1,Senior Associate,Finance
Mr.,Byron,Edwards,T,691 Irish Lane,Verona,WI,Wisconsin,53593,US,United States,ByEdwards,608-848-7101,1,Senior Associate,Finance
Mrs.,Judy,Lane,J,4725 Stuart Street,Indiana,PA,Pennsylvania,15701,US,United States,JuLane,724-357-1739,1,Senior Associate,Finance
Mr.,Kevin,Pippen,P,129 Oliverio Drive,Rush Center,KS,Kansas,67575,US,United States,KePippen,620-525-4696,1,Senior Associate,Accounting
Mr.,Wilmer,Mullins,J,831 Bingamon Road,Garfield Heights,OH,Ohio,44125,US,United States,WiMullins,440-539-7981,1,Senior Associate,Accounting
Mr.,William,Stark,S,3336 Roane Avenue,Houston,TX,Texas,77093,US,United States,WiStark,281-986-2003,1,Senior Associate,Accounting
Mr.,William,Ohara,T,3597 Findley Avenue,Washburn,ND,North Dakota,58577,US,United States,WiOhara,701-861-2942,1,Senior Associate,Accounting
Mr.,Harold,Hanson,D,4488 Clair Street,Reagan,TX,Texas,76680,US,United States,HaHanson,254-587-6324,1,Senior Associate,Accounting
Mr.,Donald,Coghill,M,1282 Simpson Square,Reed,OK,Oklahoma,73563,US,United States,DoCoghill,580-683-7257,1,Senior Associate,Accounting
Mr.,Michael,Russell,P,588 Eagle Lane,E Grand Forks,MN,Minnesota,58201,US,United States,MiRussell,218-779-4666,1,Senior Associate,Accounting
Mr.,Jose,Randall,A,6 Patterson Fork Road,Chicago,IL,Illinois,60606,US,United States,JoRandall,312-574-0509,1,Senior Associate,Marketing
Mr.,Christopher,Barnes,L,4946 Lynch Street,Fond Du Lac,WI,Wisconsin,54935,US,United States,ChBarnes,920-924-7399,1,Senior Associate,Marketing
Mr.,Robert,Hargrove,L,595 Radford Street,Louisville,KY,Kentucky,40299,US,United States,RoHargrove,502-296-1395,1,Senior Associate,Marketing
Mr.,Harold,Davis,C,2619 Vineyard Drive,Painesville,OH,Ohio,44077,US,United States,HaDavis,440-357-1816,1,Senior Associate,Marketing
Mr.,Michael,Vandyne,T,2799 Sherwood Circle,Quaker Gap,NC,North Carolina,27025,US,United States,MiVandyne,336-994-1390,1,Senior Associate,Marketing
Ms.,Susan,Edwards,D,1730 Hardman Road,South Burlington,VT,Vermont,5403,US,United States,SuEdwards,802-851-3608,1,Senior Associate,Marketing
Mr.,Charles,Carter,J,1410 Red Hawk Road,New Munich,MN,Minnesota,56356,US,United States,ChCarter,320-837-5597,1,Senior Associate,Marketing
Dr.,Francis,Bush,D,2187 Long Street,Ocala,FL,Florida,34471,US,United States,FrBush,352-219-8970,1,Senior Associate,Marketing
Mr.,Peter,Merrill,W,1849 Boone Street,Chehalis,WA,Washington,98596,US,United States,PeMerrill,360-996-0316,1,Senior Associate,Marketing
Mr.,Robert,Carr,L,324 Brownton Road,Greenwood,MS,Mississippi,38930,US,United States,RoCarr,662-317-6781,1,Senior Associate,Marketing
Ms.,Meghan,Romero,J,3893 Tavern Place,Martinsburg,WV,West Virginia,25401,US,United States,MeRomero,304-267-8164,1,Senior Associate,Marketing
Ms.,Deborah,Maldonado,S,1431 Lunetta Street,Winter Haven,FL,Florida,33830,US,United States,DeMaldonado,941-232-5244,1,Senior Associate,Marketing
Mrs.,Aurelia,Hague,J,1150 West Fork Street,Hungry Horse,MT,Montana,59919,US,United States,AuHague,406-387-3132,1,Senior Associate,Marketing
Ms.,Ardell,Bronner,C,748 Boone Street,Charco,TX,Texas,78107,US,United States,ArBronner,361-269-1829,1,Senior Associate,Information Technology
Mrs.,Dorothy,Rodriguez,W,883 Shinn Avenue,Pittsburgh,PA,Pennsylvania,15219,US,United States,DoRodriguez,724-472-7214,1,Senior Associate,Information Technology
Mr.,Donald,Gil,L,318 Edington Drive,Norcross,GA,Georgia,30093,US,United States,DoGil,678-758-8144,1,Senior Associate,Information Technology
Mr.,Roy,Hernandez,N,4372 Brannon Street,Los Angeles,CA,California,90071,US,United States,RoHernandez,213-228-0684,1,Senior Associate,Information Technology
Mr.,Michael,Lovato,K,7 Bassell Avenue,Hot Springs,AR,Arkansas,71901,US,United States,MiLovato,501-627-3482,1,Senior Associate,Information Technology
Ms.,Alma,Rogers,J,1085 Irving Place,Arnold,MO,Missouri,63010,US,United States,AlRogers,636-287-9020,1,Senior Associate,Information Technology
Ms.,Nancy,Davis,G,1515 Oakridge Lane,Macon,GA,Georgia,31206,US,United States,NaDavis,478-256-5853,1,Senior Associate,Information Technology
Mr.,Tommy,Crim,D,1443 Bluff Street,Monrovia,MD,Maryland,21770,US,United States,ToCrim,301-810-5730,1,Senior Associate,Information Technology
Ms.,Sharon,Jones,V,4851 Jacobs Street,Elizabeth,PA,Pennsylvania,15037,US,United States,ShJones,412-384-1043,1,Senior Associate,Information Technology
Mrs.,Juanita,Perez,M,4860 Hilltop Street,Springfield,MA,Massachusetts,1103,US,United States,JuPerez,413-674-7666,1,Senior Associate,Information Technology
Mr.,Tracy,Madison,M,820 Memory Lane,Peoria,IL,Illinois,61602,US,United States,TrMadison,815-915-4446,1,Senior Associate,Information Technology
Mr.,Maurice,Eng,P,844 Better Street,Savannah,GA,Georgia,31401,US,United States,MaEng,912-998-8648,1,Senior Associate,Information Technology
Mr.,Nick,Garza,D,4365 Willow Greene Drive,Catherine,AL,Alabama,36728,US,United States,NiGarza,334-225-8886,1,Senior Associate,Information Technology
Ms.,Angela,Bruning,D,2049 Abia Martin Drive,New York,NY,New York,10013,US,United States,AnBruning,631-520-8930,1,Senior Associate,Information Technology
Mr.,Chad,Turner,P,3683 Melm Street,East Providence,RI,Rhode Island,2914,US,United States,ChTurner,401-286-8525,1,Senior Associate,Information Technology
Ms.,Robin,Davis,D,519 Cecil Street,Chicago,IL,Illinois,60606,US,United States,RoDavis,312-236-1676,1,Senior Associate,Information Technology
Mr.,Michael,Smith,D,4678 Zimmerman Lane,Los Angeles,CA,California,90057,US,United States,MiSmith,213-487-3774,1,Senior Associate,Information Technology
Mr.,Jason,Barrett,M,68 Grant View Drive,Milwaukee,WI,Wisconsin,53202,US,United States,JaBarrett,414-524-2735,1,Senior Associate,Information Technology
Mr.,Allan,Krebs,P,3229 Ripple Street,Whittemore,MI,Michigan,48770,US,United States,AlKrebs,989-756-4105,1,Senior Associate,Information Technology
Mr.,Harold,Wilson,M,4176 Cemetery Street,Houston,TX,Texas,77098,US,United States,HaWilson,832-204-6656,1,Senior Associate,Information Technology
Mr.,Scott,Gilmer,Y,4510 Florence Street,Tawakoni,TX,Texas,75474,US,United States,ScGilmer,903-447-9584,1,Senior Associate,Information Technology
Ms.,Laura,Mazzariello,R,4105 Ashton Lane,Austin,TX,Texas,78746,US,United States,LaMazzariello,512-485-7510,1,Senior Associate,Information Technology
Mr.,Jamie,Ferguson,A,1485 Barfield Lane,Clayton,IN,Indiana,46118,US,United States,JaFerguson,317-539-3409,1,Senior Associate,Information Technology
Mr.,John,Spann,E,2584 Cottrill Lane,Saint Louis,MO,Missouri,63108,US,United States,JoSpann,314-493-0711,1,Senior Associate,Information Technology
Ms.,Elizabeth,Mackie,R,42 Summit Street,Wyoming,IA,Iowa,52362,US,United States,ElMackie,563-488-7481,1,Senior Associate,Sales
Mr.,Donald,Richard,C,4770 Lawman Avenue,Fairfax,VA,Virginia,22030,US,United States,DoRichard,703-278-3933,1,Senior Associate,Sales
Ms.,Tessie,Dahlin,A,33 Williams Avenue,Bakersfield,CA,California,93307,US,United States,TeDahlin,661-340-7107,1,Senior Associate,Sales
Mrs.,Lori,Thompson,C,4045 Buckhannan Avenue,Carthage,NY,New York,13619,US,United States,LoThompson,315-493-6164,1,Senior Associate,Sales
Mr.,Jeffrey,Conwell,C,1458 Fieldcrest Road,New York,NY,New York,10011,US,United States,JeConwell,631-930-6316,1,Senior Associate,Sales
Ms.,Jane,Frazier,R,4698 Luke Lane,Ardmore,OK,Oklahoma,73401,US,United States,JaFrazier,580-221-2640,1,Senior Associate,Sales
Mr.,David,Brazeal,J,1697 Leo Street,New Florence,PA,Pennsylvania,15944,US,United States,DaBrazeal,724-235-6150,1,Senior Associate,Sales
Ms.,Joann,Kelly,C,1452 Horizon Circle,Seattle,WA,Washington,98109,US,United States,JoKelly,253-687-5565,1,Senior Associate,Sales
Ms.,Ada,Lauritzen,L,4379 Jewell Road,Minneapolis,MN,Minnesota,55417,US,United States,AdLauritzen,612-725-0786,1,Senior Associate,Sales
Mr.,Christopher,Fields,R,4142 Simpson Street,Peoria,IL,Illinois,61602,US,United States,ChFields,309-730-1836,1,Senior Associate,Sales
Ms.,Joyce,Paradiso,R,459 Christie Way,North Billerica,MA,Massachusetts,1862,US,United States,JoParadiso,978-758-4378,1,Senior Associate,Sales
Mrs.,Imogene,Haberman,J,4622 Woodbridge Lane,Livonia,MI,Michigan,48150,US,United States,ImHaberman,313-523-6773,1,Senior Associate,Sales
Ms.,Lou,Barron,B,2708 Sweetwood Drive,Greenwood Village,CO,Colorado,80111,US,United States,LoBarron,303-409-8587,1,Senior Associate,Sales
Mr.,Justin,Cortez,C,4149 Grand Avenue,Maitland,FL,Florida,32751,US,United States,JuCortez,407-667-8113,1,Senior Associate,Sales
Ms.,Debra,Frederick,H,271 Stockert Hollow Road,Bothell,WA,Washington,98021,US,United States,DeFrederick,425-806-6780,1,Senior Associate,Sales
Mrs.,Tia,Masterson,J,3822 Memory Lane,Kankakee,IL,Illinois,60901,US,United States,TiMasterson,815-928-9136,1,Senior Associate,Sales
Ms.,Carolyn,Garcia,T,3806 Jarvisville Road,Hicksville,NY,New York,11801,US,United States,CaGarcia,516-937-6850,1,Senior Associate,Sales
Dr.,Cathryn,Baity,J,3016 Quiet Valley Lane,Sherman Oaks,CA,California,91403,US,United States,CaBaity,818-906-3189,1,Senior Associate,Sales
Dr.,John,Hernandez,J,2452 Gateway Avenue,Tehachapi,CA,California,93561,US,United States,JoHernandez,661-823-5232,1,Senior Associate,Sales
Dr.,Robert,Glenn,I,3619 Richison Drive,Alta,MT,Montana,59829,US,United States,RoGlenn,406-349-4442,1,Senior Associate,Sales
Mr.,William,White,D,4997 Sherwood Circle,Lake Charles,LA,Louisiana,70629,US,United States,WiWhite,337-200-6370,1,Senior Associate,Sales
Mrs.,Elisabeth,Hagan,D,3969 Petunia Way,Birmingham,AL,Alabama,35222,US,United States,ElHagan,205-727-3904,1,Senior Associate,Sales
Mr.,James,Meyer,A,2481 Circle Drive,Houston,TX,Texas,77002,US,United States,JaMeyer,832-456-8012,1,Senior Associate,Sales
Ms.,Julia,Dragon,H,461 Lake Forest Drive,Purdys,NY,New York,10578,US,United States,JuDragon,914-277-9176,1,Senior Associate,Sales
Ms.,Carolyn,Petersen,W,1422 Cambridge Place,Baltimore,MD,Maryland,21215,US,United States,CaPetersen,410-542-8599,1,Senior Associate,Sales
Ms.,Noelle,Schmidt,V,3493 Flanigan Oaks Drive,Fort Washington,MD,Maryland,20744,US,United States,NoSchmidt,301-292-1323,1,Senior Associate,Sales
Ms.,Wanda,Taylor,P,2410 Hardesty Street,Albany,NY,New York,12206,US,United States,WaTaylor,518-438-1399,1,Senior Associate,Sales
Mrs.,Claudia,Danielson,J,4198 Primrose Lane,Dodgeville,WI,Wisconsin,53533,US,United States,ClDanielson,608-678-4401,1,Senior Associate,Sales
Mrs.,Edna,Broadhead,S,1344 Goosetown Drive,Marion,NC,North Carolina,28752,US,United States,EdBroadhead,828-659-9475,1,Senior Associate,Sales
Mr.,Jessie,Aguirre,B,3573 Bruce Street,Saint Louis,MO,Missouri,63108,US,United States,JeAguirre,314-371-9671,1,Senior Associate,Sales
Ms.,Diana,Knight,J,732 Boone Street,Corpus Christi,TX,Texas,78476,US,United States,DiKnight,361-260-5746,1,Senior Associate,Sales
Mr.,Robert,Okeefe,M,4146 Spadafore Drive,Sligo,PA,Pennsylvania,16255,US,United States,RoOkeefe,814-745-4457,1,Senior Associate,Sales
Mrs.,Elizabeth,Blanco,R,2768 Buckhannan Avenue,East Syracuse,NY,New York,13057,US,United States,ElBlanco,315-415-0268,1,Senior Associate,Sales
Mr.,Gary,Kauffman,M,395 Angus Road,New York,NY,New York,10007,US,United States,GaKauffman,212-470-8559,1,Senior Associate,Sales
Mr.,Israel,Williams,N,2301 Woodhill Avenue,Saint Michaels,MD,Maryland,21663,US,United States,IsWilliams,410-745-9354,1,Senior Associate,Sales
Mrs.,Patricia,Powell,R,4214 Bates Brothers Road,Columbus,OH,Ohio,43215,US,United States,PaPowell,614-296-9889,1,Senior Associate,Sales
Mr.,Marcus,Pettitt,C,1621 Heavner Court,Garden City,NY,New York,11530,US,United States,MaPettitt,516-250-7764,1,Senior Associate,Human Resources
Ms.,Mildred,Burton,R,4488 East Avenue,Tempe,AZ,Arizona,85282,US,United States,MiBurton,480-329-7379,1,Senior Associate,Human Resources
Ms.,Kirsten,Pappas,L,1922 Davis Street,Rome,GA,Georgia,30161,US,United States,KiPappas,706-291-4198,1,Senior Associate,Human Resources
Mrs.,Ellen,Thompson,W,3715 Hall Street,Las Vegas,NV,Nevada,89101,US,United States,ElThompson,702-577-6516,1,Senior Associate,Human Resources
Ms.,Elizabeth,Walton,D,98 Swick Hill Street,College Station,TX,Texas,77840,US,United States,ElWalton,979-862-0817,1,Senior Associate,Human Resources
Ms.,Margaret,Davis,R,1291 Valley Street,Maple Shade,NJ,New Jersey,8052,US,United States,MaDavis,856-760-0134,1,Senior Associate,Human Resources
Ms.,Rena,Sensabaugh,E,649 Pheasant Ridge Road,Philadelphia,PA,Pennsylvania,19103,US,United States,ReSensabaugh,215-569-0398,1,Senior Associate,Human Resources
Mrs.,Lilian,Ruiz,R,1 Prospect Valley Road,Hermosa Beach,CA,California,90254,US,United States,LiRuiz,310-937-0779,1,Senior Associate,Human Resources
Mrs.,Judith,Woodberry,S,3635 Smith Street,Walpole,MA,Massachusetts,2081,US,United States,JuWoodberry,508-816-6509,1,Senior Associate,Human Resources
Mrs.,Deborah,Schumacher,A,4338 Finwood Road,Freehold,NJ,New Jersey,7728,US,United States,DeSchumacher,732-454-5234,1,Senior Associate,Human Resources
Mrs.,Tara,Odoms,C,78 Conifer Drive,Seattle,WA,Washington,98133,US,United States,TaOdoms,425-466-2712,1,Senior Associate,Human Resources
Ms.,Kristin,Selby,A,462 Mesa Drive,Las Vegas,NV,Nevada,89119,US,United States,KrSelby,702-407-1144,1,Senior Associate,Human Resources
Ms.,Delores,Harris,D,4224 Mill Street,Greenville,SC,South Carolina,29601,US,United States,DeHarris,864-219-3160,1,Senior Associate,Human Resources
Mrs.,Karen,Robinson,P,4947 Green Street,Nashville,TN,Tennessee,37209,US,United States,KaRobinson,615-598-7488,1,Senior Associate,Human Resources
Mr.,Thomas,Hill,K,1567 Smith Street,Worcester,MA,Massachusetts,1608,US,United States,ThHill,508-838-4656,1,Senior Associate,Human Resources
Mr.,William,Wood,L,270 McDowell Street,Lewisburg,TN,Tennessee,37091,US,United States,WiWood,931-359-5878,1,Senior Associate,Human Resources
Mr.,Jayson,Gibson,M,2490 Earnhardt Drive,Louisville,KY,Kentucky,40202,US,United States,JaGibson,502-629-1627,1,Senior Associate,Human Resources
Mrs.,Suzanne,Moore,P,3147 Elkview Drive,Port St Lucie,FL,Florida,33452,US,United States,SuMoore,772-335-4453,1,Senior Associate,Human Resources
Mr.,Anthony,Rodgers,V,2758 Fairmont Avenue,Kansas City,MO,Missouri,64106,US,United States,AnRodgers,660-303-2640,1,Senior Associate,Security
Mr.,Michael,Fordham,S,3781 Jefferson Street,Norfolk,VA,Virginia,23502,US,United States,MiFordham,757-761-5651,1,Senior Associate,Security
Mr.,Danny,Dixon,L,263 Medical Center Drive,Englewood,FL,Florida,34223,US,United States,DaDixon,941-475-2242,1,Senior Associate,Security
Mrs.,Helen,Dunn,D,337 Pooh Bear Lane,Greer,SC,South Carolina,29650,US,United States,HeDunn,864-848-1368,1,Senior Associate,Security
Mr.,Robert,Mandel,M,3137 Clay Lick Road,Denver,CO,Colorado,80202,US,United States,RoMandel,720-480-5189,1,Senior Associate,Security
Mr.,Alfred,Trice,L,1575 Tenmile,Portsmouth,VA,Virginia,23707,US,United States,AlTrice,757-879-0019,1,Senior Associate,Security
Mr.,Loren,Prather,M,1015 Penn Street,Bernie,MO,Missouri,63822,US,United States,LoPrather,573-293-1067,1,Senior Associate,Security
Mrs.,Caryl,Brister,D,4571 Thomas Street,Arlington Heights,IL,Illinois,60005,US,United States,CaBrister,847-544-8942,1,Senior Associate,Security
Ms.,Debbie,Webb,S,1925 Roguski Road,Many,LA,Louisiana,71449,US,United States,DeWebb,318-256-4810,1,Senior Associate,Security
Ms.,Lashonda,Parr,R,4329 Hillside Street,Gilbert,AZ,Arizona,85233,US,United States,LaParr,480-540-6683,1,Senior Associate,Security
Mrs.,Hilda,Morales,R,3143 Kennedy Court,Framingham,MA,Massachusetts,1702,US,United States,HiMorales,774-555-6342,1,Senior Associate,Security
Ms.,Patricia,Wunsch,B,2056 Tea Berry Lane,Appleton,WI,Wisconsin,54914,US,United States,PaWunsch,715-771-3372,1,Senior Associate,Security
Ms.,Charmaine,Russo,J,817 Grant Street,Plano,TX,Texas,75074,US,United States,ChRusso,903-888-7490,1,Senior Associate,Security
Mrs.,Patsy,Brown,G,3982 Ersel Street,Dallas,TX,Texas,75209,US,United States,PaBrown,214-357-8006,1,Senior Associate,Security
Mr.,Brian,Hightower,P,1977 Hart Country Lane,Norcross,GA,Georgia,30093,US,United States,BrHightower,706-578-9264,1,Senior Associate,Security
Ms.,Joan,Prieto,M,1003 Concord Street,Charlotte,NC,North Carolina,28210,US,United States,JoPrieto,704-553-2212,1,Senior Associate,Security
Mr.,Brian,Trout,A,4369 Public Works Drive,Petros,TN,Tennessee,37845,US,United States,BrTrout,423-324-6012,1,Senior Associate,Facilities
Mr.,James,Eckenrode,E,2662 Lilac Lane,Savannah,GA,Georgia,31405,US,United States,JaEckenrode,912-527-9669,1,Senior Associate,Facilities
Mr.,Mathew,Velazquez,K,4326 Lynn Street,Boston,MA,Massachusetts,2109,US,United States,MaVelazquez,617-255-2927,1,Senior Associate,Facilities
Mr.,Robert,Phillips,L,4241 Joy Lane,Glendale,CA,California,91204,US,United States,RoPhillips,818-543-5442,1,Senior Associate,Facilities
Ms.,America,Tibbetts,S,1774 Central Avenue,New Brunswick,NJ,New Jersey,8901,US,United States,AmTibbetts,201-429-0547,1,Senior Associate,Facilities
Mrs.,Patricia,Stallings,D,204 Flanigan Oaks Drive,College Park,MD,Maryland,20741,US,United States,PaStallings,301-397-8628,1,Senior Associate,Facilities
Ms.,Edith,Santos,M,965 Lightning Point Drive,Memphis,TN,Tennessee,38110,US,United States,EdSantos,901-527-6235,1,Senior Associate,Facilities
Mrs.,Robin,Frank,R,2297 Duke Lane,Jersey City,NJ,New Jersey,7305,US,United States,RoFrank,732-658-6282,1,Senior Associate,Facilities
Dr.,Annie,Rouse,D,3410 Old Dear Lane,Elizaville,NY,New York,12523,US,United States,AnRouse,845-756-6239,1,Senior Associate,Facilities
Mrs.,Mary,Deboer,C,2948 Maple Court,Poplar Bluff,MO,Missouri,63901,US,United States,MaDeboer,573-362-4885,1,Senior Associate,Facilities
Mr.,Richard,Williams,C,1694 Farland Avenue,Gonzales,TX,Texas,78629,US,United States,RiWilliams,830-519-4336,1,Senior Associate,Facilities
Mr.,Theron,Blasko,C,843 Hillcrest Drive,Seattle,WA,Washington,98109,US,United States,ThBlasko,253-466-4871,1,Senior Associate,Facilities
Dr.,Eugene,Alexander,E,726 Ritter Street,Birmingham,AL,Alabama,35203,US,United States,EuAlexander,256-293-0772,1,Senior Associate,Facilities
Mrs.,Stacey,Cooley,M,769 Elsie Drive,Letcher,SD,South Dakota,57359,US,United States,StCooley,605-248-6760,1,Senior Associate,Facilities
Mr.,David,Lang,E,4123 Davisson Street,Lafayette,IN,Indiana,47904,US,United States,DaLang,765-771-7765,1,Senior Associate,Facilities
Ms.,Morgan,Horning,D,3463 Pine Garden Lane,Atlanta,GA,Georgia,30339,US,United States,MoHorning,770-676-3518,1,Senior Associate,Application Development
Mr.,Todd,Tennison,N,1636 Wilkinson Court,Naples,FL,Florida,33962,US,United States,ToTennison,239-774-7151,1,Senior Associate,Application Development
Ms.,Yesenia,Anderson,K,1013 Berkley Street,Allentown,PA,Pennsylvania,18109,US,United States,YeAnderson,484-899-0869,1,Senior Associate,Application Development
Mr.,Mark,Atkinson,L,849 Stuart Street,Blairsville,PA,Pennsylvania,15717,US,United States,MaAtkinson,724-459-7192,1,Senior Associate,Application Development
Mr.,Matthew,Taliaferro,A,4387 Oak Street,Syracuse,NY,New York,13224,US,United States,MaTaliaferro,315-398-4891,1,Senior Associate,Application Development
Ms.,Martin,Barnes,R,3039 Rinehart Road,Fort Lauderdale,FL,Florida,33311,US,United States,MaBarnes,786-423-6665,1,Senior Associate,Application Development
Mr.,Justin,Smith,E,3469 Liberty Street,Dallas,TX,Texas,75212,US,United States,JuSmith,214-803-2327,1,Senior Associate,Application Development
Mr.,Edgar,Moore,C,1345 Ventura Drive,Santa Cruz,CA,California,95060,US,United States,EdMoore,831-429-2519,1,Senior Associate,Application Development
Mr.,Eugene,Harris,Y,337 My Drive,Elmsford,NY,New York,10523,US,United States,EuHarris,347-219-1336,1,Senior Associate,Application Development
Mr.,Wes,Dickerson,L,3249 Beechwood Avenue,Weehawken,NJ,New Jersey,7087,US,United States,WeDickerson,908-854-8429,1,Senior Associate,Application Development
Ms.,Mary,Wilson,J,407 Rocket Drive,Minneapolis,MN,Minnesota,55402,US,United States,MaWilson,612-989-3749,1,Senior Associate,Application Development
Mr.,Stuart,Murphy,M,3777 McKinley Avenue,Centennial,CO,Colorado,80111,US,United States,StMurphy,303-779-6992,1,Senior Associate,Application Development
Mrs.,Skye,Obrien,P,3936 Bingamon Branch Road,Wurtsboro,NY,New York,12790,US,United States,SkObrien,845-888-3014,1,Senior Associate,Application Development
Mr.,Charles,Bittinger,J,3565 Ella Street,Brisbane,CA,California,94005,US,United States,ChBittinger,650-270-7159,1,Senior Associate,Application Development
Mrs.,Edna,Arias,T,336 Pleasant Hill Road,Palm Beach Gardens,FL,Florida,33418,US,United States,EdArias,561-900-4442,1,Senior Associate,Application Development
Mr.,Neil,Reese,L,4894 Larry Street,San Jose,CA,California,95134,US,United States,NeReese,415-213-5112,1,Senior Associate,Application Development
Mr.,Donald,McLaughlin,R,1782 Cedar Street,Texarkana,AR,Arkansas,75501,US,United States,DoMcLaughlin,870-772-3667,1,Senior Associate,Application Development
Mr.,Marc,Gonzalez,M,4775 Elliott Street,Fitzwilliam,NH,New Hampshire,3447,US,United States,MaGonzalez,603-585-7655,1,Senior Associate,Application Development
Mr.,William,Mathis,G,4305 Haul Road,Redwood City,CA,California,94063,US,United States,WiMathis,650-995-0574,1,Senior Associate,Application Development
Dr.,Oma,Contreras,K,477 Gerald L. Bates Drive,Cambridge,MA,Massachusetts,2138,US,United States,OmContreras,617-802-1959,1,Senior Associate,Application Development
Mr.,David,Thomas,D,4885 Stanton Hollow Road,Boston,MA,Massachusetts,2210,US,United States,DaThomas,781-498-5407,1,Senior Associate,Application Development
Mrs.,Violet,Sam,C,1547 Crim Lane,Dayton,OH,Ohio,45402,US,United States,ViSam,937-727-0823,1,Senior Associate,Application Development
Mrs.,Louise,Arnold,M,4680 Oak Street,Syracuse,NY,New York,13202,US,United States,LoArnold,315-294-1683,1,Senior Associate,Application Development
Mr.,Victor,Serrano,M,633 Godfrey Road,Manhattan,NY,New York,10016,US,United States,ViSerrano,212-545-2252,1,Senior Associate,Application Development
Ms.,Dianna,Washington,G,88 Chatham Way,Washington,MD,Maryland,20005,US,United States,DiWashington,240-627-5334,1,Senior Associate,Application Development
Mr.,Jonathan,Brown,C,4649 Andy Street,Elk Point,SD,South Dakota,57025,US,United States,JoBrown,605-356-5967,1,Senior Associate,Application Development
Ms.,Krystal,Matthews,R,2834 Morningview Lane,Long Island City,NY,New York,11101,US,United States,KrMatthews,646-214-6508,1,Senior Associate,Application Development
Mr.,Larry,Roquemore,F,716 Garfield Road,Neponset,IL,Illinois,61345,US,United States,LaRoquemore,309-594-0185,1,Senior Associate,Application Development
Mr.,Jonathon,Horner,K,4572 Elk Street,Rancho Santa Margarita,CA,California,92688,US,United States,JoHorner,949-679-7008,1,Senior Associate,Application Development
Mr.,Jason,Hall,P,3988 Benson Park Drive,Oklahoma City,OK,Oklahoma,73102,US,United States,JaHall,405-551-5411,1,Senior Associate,Application Development
Mrs.,Heather,Turcios,G,4060 Dye Street,Tempe,AZ,Arizona,85282,US,United States,HeTurcios,480-703-1320,1,Senior Associate,Application Development
Mr.,Michael,Gay,W,2693 Maloy Court,Rush Center,KS,Kansas,67575,US,United States,MiGay,785-387-7977,1,Senior Associate,Application Development
Mrs.,Wanda,Auzenne,P,3810 Joseph Street,Menomonee Falls,WI,Wisconsin,53051,US,United States,WaAuzenne,262-781-4240,1,Senior Associate,Application Development
Mrs.,Jeri,Sacco,S,325 George Avenue,Mobile,AL,Alabama,36602,US,United States,JeSacco,251-375-7596,1,Senior Associate,Application Development
Mrs.,Irma,Bauman,S,2100 Mattson Street,Portland,OR,Oregon,97220,US,United States,IrBauman,503-408-2674,1,Senior Associate,Application Development
Mrs.,Amy,Martinez,C,2127 Owagner Lane,Seattle,WA,Washington,98109,US,United States,AmMartinez,206-315-5890,1,Senior Associate,Application Development
Mr.,Calvin,Smith,S,3680 Boone Crockett Lane,Tukwila,WA,Washington,98168,US,United States,CaSmith,360-485-2222,1,Senior Associate,Application Development
Ms.,Lois,Servantes,K,1225 Lochmere Lane,Manchester,CT,Connecticut,6040,US,United States,LoServantes,860-432-6016,1,Senior Associate,Application Development
Ms.,Mary,Hendon,D,3344 Fulton Street,Levels,WV,West Virginia,25431,US,United States,MaHendon,304-492-6435,1,Senior Associate,Application Development
Ms.,Lorraine,Berry,H,2924 Parkway Street,Palm Springs,CA,California,92262,US,United States,LoBerry,760-333-8562,1,Senior Associate,Application Development
Mrs.,Lois,Lee,V,2343 Philli Lane,Tulsa,OK,Oklahoma,74136,US,United States,LoLee,918-481-5681,1,Senior Associate,Application Development
Mrs.,Leslie,Shealey,T,4719 Hamilton Drive,Beaumont,TX,Texas,77701,US,United States,LeShealey,409-961-9839,1,Senior Associate,Application Development
Mr.,Walker,Coffey,A,498 Columbia Mine Road,Valley Grove,WV,West Virginia,26060,US,United States,WaCoffey,304-547-1470,1,Senior Associate,Legal
Mr.,Paul,Tankersley,M,1815 Hidden Valley Road,Lewistown,PA,Pennsylvania,17044,US,United States,PaTankersley,717-247-3887,1,Senior Associate,Legal
Mrs.,Trina,Navarro,E,4033 Twin House Lane,Springfield,MO,Missouri,65806,US,United States,TrNavarro,417-529-7418,1,Senior Associate,Legal
Mrs.,Shiloh,Kennedy,P,1745 Juniper Drive,Saginaw,MI,Michigan,48607,US,United States,ShKennedy,989-860-6244,1,Senior Associate,Legal
Mr.,Juan,Salinas,B,3483 Romano Street,Cambridge,MA,Massachusetts,2141,US,United States,JuSalinas,781-363-1412,1,Senior Associate,Legal
Mr.,Richard,Wise,J,263 Shady Pines Drive,Kingsport,VA,Virginia,37663,US,United States,RiWise,276-235-3529,1,Senior Associate,Legal
Mrs.,Mary,Kelley,M,1825 Dovetail Estates,Tyrone,OK,Oklahoma,73951,US,United States,MaKelley,580-854-9190,1,Senior Associate,Legal
Ms.,Alfreda,Kuhl,N,3317 Aspen Court,Boston,MA,Massachusetts,2115,US,United States,AlKuhl,617-356-8243,1,Senior Associate,Legal
Mr.,Donnell,Macdonald,D,1082 Eva Pearl Street,Baton Rouge,LA,Louisiana,70806,US,United States,DoMacdonald,225-755-5657,1,Senior Associate,Legal
Ms.,Dawn,Valverde,R,1980 Tree Frog Lane,Fillmore,MO,Missouri,64449,US,United States,DaValverde,816-487-5004,1,Senior Associate,Legal
Mr.,Jeffry,Tracy,N,1580 Howard Street,Grand Rapids,MI,Michigan,49503,US,United States,JeTracy,616-389-2338,1,Senior Associate,Administrative
Mrs.,Eula,Pennington,R,1944 Ash Street,Irving,TX,Texas,75060,US,United States,EuPennington,972-812-6115,1,Senior Associate,Administrative
Mr.,Francisco,Dutton,V,4311 Reel Avenue,Las Cruces,NM,New Mexico,88001,US,United States,FrDutton,505-313-7353,1,Senior Associate,Administrative
Mr.,Mark,Nadeau,J,1492 Pine Garden Lane,Stone Mountain,GA,Georgia,30083,US,United States,MaNadeau,770-680-7444,1,Senior Associate,Administrative
Mr.,William,Tineo,C,3278 Roguski Road,Alexandria,LA,Louisiana,71302,US,United States,WiTineo,318-304-4829,1,Senior Associate,Administrative
Mr.,Leonel,Ramirez,M,1928 Roguski Road,Shreveport,LA,Louisiana,71101,US,United States,LeRamirez,318-294-1253,1,Senior Associate,Administrative
Mr.,Kevin,Smith,M,4952 Hewes Avenue,Baltimore,MD,Maryland,21202,US,United States,KeSmith,443-601-9049,1,Senior Associate,Administrative
Mrs.,Maria,Harper,D,2997 Hanover Street,Brooklyn,NY,New York,11206,US,United States,MaHarper,917-666-5085,1,Senior Associate,Administrative
Ms.,Gertrude,Adams,B,1861 Still Street,Marion Township,OH,Ohio,45840,US,United States,GeAdams,419-722-9969,1,Senior Associate,Administrative
Mr.,Kevin,Simpson,F,1935 Honeysuckle Lane,Seattle,WA,Washington,98119,US,United States,KeSimpson,360-505-5639,1,Director,Finance
Mr.,Arnold,Maddox,D,4651 Short Street,Austin,TX,Texas,78701,US,United States,ArMaddox,512-889-3470,1,Director,Finance
Mr.,Robert,Lambert,A,2766 Straford Park,Jackson,KY,Kentucky,41339,US,United States,RoLambert,606-666-1731,1,Director,Finance
Mr.,Thurman,Robinson,E,3697 Irish Lane,Madison,WI,Wisconsin,53704,US,United States,ThRobinson,608-718-7937,1,Director,Accounting
Mrs.,Barbara,Lewis,R,2263 Grove Avenue,Sterling,OK,Oklahoma,73567,US,United States,BaLewis,580-365-4821,1,Director,Accounting
Mr.,Frank,Evans,L,2897 Shinn Street,New York,NY,New York,10022,US,United States,FrEvans,212-755-9678,1,Director,Accounting
Mr.,George,Burke,M,1475 Fleming Street,Montgomery,AL,Alabama,36014,US,United States,GeBurke,334-351-2353,1,Director,Marketing
Mr.,Jason,Hood,K,3847 Upton Avenue,Scarborough,ME,Maine,4074,US,United States,JaHood,207-883-0041,1,Director,Marketing
Mr.,David,Hage,F,3207 Ashmor Drive,Wadena,MN,Minnesota,56482,US,United States,DaHage,218-307-3595,1,Director,Marketing
Mr.,Robert,Freeman,A,498 Tyler Avenue,Miami Springs,FL,Florida,33166,US,United States,RoFreeman,305-314-0908,1,Director,Information Technology
Mr.,Roy,Laughlin,M,779 Horseshoe Lane,Newark,PA,Pennsylvania,19714,US,United States,RoLaughlin,484-421-2362,1,Director,Information Technology
Mrs.,Michelle,Vitiello,D,2542 Rodney Street,House Springs,MO,Missouri,63051,US,United States,MiVitiello,636-375-1386,1,Director,Information Technology
Ms.,Elsie,Vasquez,F,4880 Norman Street,Bellflower,CA,California,90706,US,United States,ElVasquez,323-312-1738,1,Director,Sales
Mr.,James,Crosby,D,3646 Coolidge Street,Casselberry,FL,Florida,32707,US,United States,JaCrosby,407-214-8983,1,Director,Sales
Mr.,Jeremy,Barrios,A,1979 Lodgeville Road,Golden Valley,MN,Minnesota,55427,US,United States,JeBarrios,612-279-9259,1,Director,Sales
Ms.,Carol,Joyce,C,82 Fittro Street,Pine Bluff,AR,Arkansas,71601,US,United States,CaJoyce,870-314-5047,1,Director,Human Resources
Mr.,Marion,Sitz,B,2273 Long Street,Ocala,FL,Florida,34471,US,United States,MaSitz,352-209-7198,1,Director,Human Resources
Mr.,Steven,Reed,P,1003 Trouser Leg Road,Milwaukee,WI,Wisconsin,53202,US,United States,StReed,414-221-2502,1,Director,Security
Mr.,Kevin,Williams,T,3170 Brown Bear Drive,Los Angeles,CA,California,90017,US,United States,KeWilliams,951-651-5010,1,Director,Security
Mr.,Phillip,Green,W,2832 Cambridge Drive,Phoenix,AZ,Arizona,85017,US,United States,PhGreen,623-871-3257,1,Director,Facilities
Mr.,Julian,Nelson,K,229 Farland Avenue,San Antonio,TX,Texas,78217,US,United States,JuNelson,830-423-9321,1,Director,Facilities
Ms.,Eula,Moyers,B,1711 White Pine Lane,Middleburg,VA,Virginia,22117,US,United States,EuMoyers,540-687-6747,1,Director,Application Development
Mrs.,Dorothy,Collins,C,942 Rogers Street,Cincinnati,OH,Ohio,45202,US,United States,DoCollins,513-532-6447,1,Director,Application Development
Mrs.,Frances,Adams,F,1655 Bingamon Branch Road,Burr Ridge,IL,Illinois,60527,US,United States,FrAdams,847-225-6715,1,Director,Legal
Mr.,John,Rosario,I,868 Lynn Ogden Lane,Beaumont,TX,Texas,77701,US,United States,JoRosario,409-782-9133,1,Director,Administrative
Mr.,Frank,Baker,M,2527 Mount Tabor,Yonkers,NY,New York,10701,US,United States,FrBaker,914-476-0889,1,Senior Director,Finance
Ms.,Ericka,Cross,D,2165 Science Center Drive,Ketchum,ID,Idaho,83340,US,United States,ErCross,208-622-2575,1,Senior Director,Finance
Mrs.,Olga,Minor,D,1070 Birch  Street,El Paso,TX,Texas,79922,US,United States,OlMinor,915-494-8392,1,Senior Director,Finance
Mr.,Donald,Giron,D,1215 Mudlick Road,Spokane,WA,Washington,99207,US,United States,DoGiron,509-489-8772,1,Senior Director,Accounting
Ms.,Sheila,Issa,T,2549 Richison Drive,Libby,MT,Montana,59923,US,United States,ShIssa,406-293-1769,1,Senior Director,Accounting
Mrs.,Nancy,Nicholas,L,2025 Hott Street,Oklahoma City,OK,Oklahoma,73160,US,United States,NaNicholas,405-599-6993,1,Senior Director,Accounting
Mr.,Justin,Harrison,G,1422 Eden Drive,Richmond,VA,Virginia,23224,US,United States,JuHarrison,804-839-0631,1,Senior Director,Marketing
Mrs.,Lois,Malloy,G,3576 Spring Haven Trail,Newark,NJ,New Jersey,7112,US,United States,LoMalloy,973-708-0878,1,Senior Director,Marketing
Ms.,Sally,Culp,R,3624 Golden Street,Doral,FL,Florida,33178,US,United States,SaCulp,305-599-0357,1,Senior Director,Marketing
Ms.,Marisol,Garber,W,2209 Arthur Avenue,Burr Ridge,IL,Illinois,60527,US,United States,MaGarber,815-851-1264,1,Senior Director,Information Technology
Ms.,Melba,Murray,J,2755 Andell Road,Nashville,TN,Tennessee,37216,US,United States,MeMurray,615-247-2705,1,Senior Director,Information Technology
Mr.,Kenneth,Bayer,R,1636 Bruce Street,Saint Louis,MO,Missouri,63141,US,United States,KeBayer,314-317-5215,1,Senior Director,Information Technology
Mr.,Roger,Welcome,E,1790 Chapel Street,Katy,TX,Texas,77494,US,United States,RoWelcome,281-644-4516,1,Senior Director,Sales
Mr.,Alvin,Herrera,B,109 Findley Avenue,Minot,ND,North Dakota,58701,US,United States,AlHerrera,701-839-0072,1,Senior Director,Sales
Mr.,Alexander,Lee,T,228 Haven Lane,Grand Rapids,MI,Michigan,49508,US,United States,AlLee,517-671-4189,1,Senior Director,Sales
Mrs.,Effie,Randolph,D,108 Better Street,Leavenworth,KS,Kansas,66048,US,United States,EfRandolph,913-370-1540,1,Senior Director,Human Resources
Mrs.,Jennifer,Musser,R,178 Hill Croft Farm Road,Sacramento,CA,California,95814,US,United States,JeMusser,530-535-5174,1,Senior Director,Human Resources
Mrs.,Rebecca,Farrar,D,1598 Luke Lane,Ardmore,OK,Oklahoma,73401,US,United States,ReFarrar,580-263-0573,1,Senior Director,Security
Mr.,Charles,Moore,J,3373 Old House Drive,Beallsville,OH,Ohio,45716,US,United States,ChMoore,740-926-0385,1,Senior Director,Security
Ms.,Kenya,Holman,J,2470 Pearcy Avenue,Milwaukee,WI,Wisconsin,53223,US,United States,KeHolman,262-236-9041,1,Senior Director,Facilities
Ms.,Edith,Tubbs,W,2794 Lynn Avenue,Eau Claire,WI,Wisconsin,54701,US,United States,EdTubbs,715-523-1613,1,Senior Director,Facilities
Ms.,Casandra,Autry,J,4777 Ethels Lane,Avon Park,FL,Florida,33825,US,United States,CaAutry,863-654-9366,1,Senior Director,Application Development
Mrs.,Lorena,Arndt,C,598 Owen Lane,Akron,OH,Ohio,44308,US,United States,LoArndt,234-380-0108,1,Senior Director,Application Development
Mrs.,Albina,Block,L,1283 Hummingbird Way,Boston,MA,Massachusetts,2110,US,United States,AlBlock,781-948-7961,1,Senior Director,Legal
Mr.,Kenneth,Aust,D,4733 Poplar Street,Park Forest,IL,Illinois,60466,US,United States,KeAust,708-747-0532,1,Senior Director,Administrative
Mrs.,Margaret,Gray,B,2369 Bastin Drive,Portland,PA,Pennsylvania,97205,US,United States,MaGray,484-693-0069,1,Vice President,Finance
Mr.,Quincy,Daniels,F,2482 Coleman Avenue,Palm Springs,CA,California,92262,US,United States,QuDaniels,760-819-2582,1,Vice President,Accounting
Mr.,Jesus,McGrath,C,4897 Prospect Valley Road,Beverly Hills,CA,California,90210,US,United States,JeMcGrath,310-887-9349,1,Vice President,Marketing
Mr.,Michael,Roberts,R,2713 Gorby Lane,Jackson,MS,Mississippi,39213,US,United States,MiRoberts,601-278-7812,1,Vice President,Information Technology
Mr.,Austin,Yun,S,611 George Avenue,Mobile,AL,Alabama,36608,US,United States,AuYun,251-316-5885,1,Vice President,Sales
Mr.,William,Buckles,D,3352 Jadewood Farms,Newark,NJ,New Jersey,7102,US,United States,WiBuckles,973-409-7970,1,Vice President,Human Resources
Mrs.,Albertha,Hawkins,C,4086 Dawson Drive,Louisville,KY,Kentucky,40203,US,United States,AlHawkins,502-212-5962,1,Vice President,Security
Mrs.,Linda,Borges,F,3444 Hazelwood Avenue,Des Moines,IA,Iowa,50317,US,United States,LiBorges,515-312-0896,1,Vice President,Facilities
Mr.,James,Bolduc,M,4202 Losh Lane,Pittsburgh,PA,Pennsylvania,15219,US,United States,JaBolduc,412-727-2267,1,Vice President,Application Development
Ms.,Barbara,Ball,B,845 Coal Street,Elkland,PA,Pennsylvania,16920,US,United States,BaBall,814-302-7845,1,Vice President,Legal
Ms.,Dorothea,Hill,R,830 Dye Street,Phoenix,AZ,Arizona,85016,US,United States,DoHill,480-707-3418,1,Vice President,Administrative
Mr.,Nicky,Dixon,M,696 Broadcast Drive,Charlotte,NC,North Carolina,28202,US,United States,NiDixon,704-253-6890,1,Vice President,Finance
Mrs.,Karen,Clark,G,385 Hickory Ridge Drive,Las Vegas,NV,Nevada,89109,US,United States,KaClark,702-661-2240,1,Vice President,Accounting
Mr.,Mikel,Daugherty,C,4885 Forest Avenue,New York,NY,New York,10013,US,United States,MiDaugherty,646-885-5806,1,Vice President,Marketing
Mr.,Tommy,Askew,S,4486 Myra Street,Providence,RI,Rhode Island,2903,US,United States,ToAskew,401-534-4431,1,Vice President,Information Technology
Ms.,Tara,Shaw,W,2204 Sampson Street,Denver,CO,Colorado,80202,US,United States,TaShaw,303-619-9035,1,Vice President,Sales
Mr.,John,Ferranti,H,1135 Sunset Drive,Doddridge,AR,Arkansas,12345,US,United States,JoFerranti,870-691-2695,1,Vice President,Human Resources
Mr.,Mark,Morita,T,1456 Alpha Avenue,Ore City,TX,Texas,75683,US,United States,MaMorita,903-968-7806,1,Vice President,Security
Ms.,Mattie,Keeter,C,2765 Beeghley Street,Coolidge,TX,Texas,76635,US,United States,MaKeeter,254-786-5068,1,Vice President,Facilities
Mr.,Philip,Lloyd,B,184 White River Way,Springville,UT,Utah,84663,US,United States,PhLloyd,801-489-5976,1,Vice President,Application Development
Mr.,Jose,McMurray,C,260 Plainfield Avenue,Wolcott,NY,New York,14590,US,United States,JoMcMurray,315-594-0885,1,Senior Vice President,Legal
Mr.,Robert,Southwell,L,194 Poplar Lane,Boca Raton,FL,Florida,33487,US,United States,RoSouthwell,305-564-7668,1,Senior Vice President,Administrative
Mrs.,Vivian,McQueen,M,4590 Emma Street,Dumas,TX,Texas,79029,US,United States,ViMcQueen,806-934-1421,1,Senior Vice President,Marketing
Dr.,Ted,Millette,A,1310 Hill Street,Marblehead,OH,Ohio,43440,US,United States,TeMillette,419-798-1312,1,Senior Vice President,Information Technology
Mr.,Melvin,Irvin,M,3870 Logan Lane,Englewood,CO,Colorado,80112,US,United States,MeIrvin,303-229-2292,1,Senior Vice President,Sales
Ms.,Enriqueta,Cuevas,B,4662 Neuport Lane,Norcross,GA,Georgia,30071,US,United States,EnCuevas,770-407-6596,1,Senior Vice President,Human Resources
Mrs.,Leslie,Gayle,E,4379 Tully Street,Detroit,MI,Michigan,48226,US,United States,LeGayle,313-717-4807,1,Senior Vice President,Security
Ms.,Brenda,Coleman,J,2825 Junior Avenue,Atlanta,GA,Georgia,30303,US,United States,BrColeman,404-628-3575,1,Senior Vice President,Facilities
Mr.,Phillip,Rodrigues,T,2757 Steve Hunt Road,Miami,FL,Florida,33126,US,United States,PhRodrigues,305-749-3260,1,Senior Vice President,Application Development
Ms.,Marcella,Putnam,T,4560 Pyramid Valley Road,West Branch,IA,Iowa,52358,US,United States,MaPutnam,319-643-8481,1,Senior Vice President,Legal
Ms.,Jean,Barber,R,2278 Bernardo Street,Mount Vernon,IN,Indiana,47620,US,United States,JeBarber,812-985-9122,1,Senior Vice President,Administrative
Ms.,Maria,McLeod,K,318 Burton Avenue,Memphis,TN,Tennessee,38138,US,United States,MaMcLeod,901-755-9941,1,Senior Vice President,Finance
Mr.,Anthony,Heider,P,208 Williams Avenue,Castaic,CA,California,91310,US,United States,AnHeider,661-294-6343,1,Senior Vice President,Accounting
Mrs.,Jeri,Young,W,4177 Gnatty Creek Road,Floral Park,NY,New York,11001,US,United States,JeYoung,516-328-8608,1,Senior Vice President,Marketing
Mrs.,Katie,Dashiell,A,432 Lucy Lane,Chandler,IN,Indiana,47610,US,United States,KaDashiell,812-483-0412,1,Senior Vice President,Information Technology
Ms.,Hazel,Vinson,N,4790 Chandler Drive,Ozark,MO,Missouri,65721,US,United States,HaVinson,417-581-9234,1,Senior Vice President,Sales
Ms.,Dorothy,Marcus,M,1184 Coventry Court,Biloxi,MS,Mississippi,39531,US,United States,DoMarcus,228-236-8870,1,Senior Vice President,Human Resources
Mrs.,Edith,Cave,G,4549 Yorkshire Circle,Wilson,NC,North Carolina,27893,US,United States,EdCave,252-293-8207,1,Senior Vice President,Security
Mr.,Billy,Kumar,C,4286 Coventry Court,Gulfport,MS,Mississippi,39501,US,United States,BiKumar,228-229-8214,1,Senior Vice President,Facilities
Mr.,Gary,Jones,D,702 Lowes Alley,Steubenville,OH,Ohio,43952,US,United States,GaJones,740-282-1879,1,Senior Vice President,Application Development
Mrs.,Audrey,Hatchett,J,2200 Liberty Avenue,Pomona,CA,California,91766,US,United States,AuHatchett,714-467-3935,1,Senior Vice President,Legal
Ms.,Claudia,Moody,W,952 Bolman Court,Champaign,IL,Illinois,61820,US,United States,ClMoody,217-367-6194,1,Senior Vice President,Administrative
Ms.,Sharon,Carter,R,4536 Bird Street,Albuquerque,NM,New Mexico,87109,US,United States,ShCarter,505-610-2352,1,Senior Vice President,Information Technology
Ms.,Merry,Fowler,B,4592 Twin Oaks Drive,Grand Rapids,MI,Michigan,49503,US,United States,MeFowler,231-416-6706,1,Senior Vice President,Sales
Mr.,Michael,Oxford,K,2576 Clay Lick Road,Denver,CO,Colorado,80221,US,United States,MiOxford,720-587-8107,1,Senior Vice President,Legal
Mr.,Edward,Harris,S,1056 Pin Oak Drive,Pico Rivera,CA,California,90660,US,United States,EdHarris,562-949-7198,1,CMO,Marketing
Mr.,Eugene,Ireland,L,2488 Pinchelone Street,Norfolk,VA,Virginia,23502,US,United States,EuIreland,757-389-9231,1,CSO,Security
Mr.,Lee,Obryant,C,4398 Pringle Drive,Chicago,IL,Illinois,60606,US,United States,LeObryant,312-372-7069,1,CFO,Finance
Ms.,Bonnie,Silva,W,3677 Parrish Avenue,Fredericksburg,TX,Texas,78624,US,United States,BoSilva,830-991-7664,1,CTO,Information Technology
Mr.,Leonard,Kim,L,4674 Randall Drive,Moanalua,HI,Hawaii,96819,US,United States,LeKim,808-864-2039,1,CIO,Information Technology
Mrs.,Marie,Hamilton,H,2538 Sundown Lane,Bastrop,TX,Texas,78701,US,United States,MaHamilton,512-284-7697,1,CEO,Administrative